item_id,option,marg_norm,A,ext_i,beta_c,o_star_0,is_o_star_0
154213,0,0,-28.994730346264905,0.033339189532821556,2.4357490080874413,2,False
154213,1,0.29651686374740582,-20.100786975041295,0.033339189532821556,2.4357490080874413,2,False
154213,2,0.96666081046717844,0,0.033339189532821556,2.4357490080874413,2,True
154213,3,1,1,0.033339189532821556,2.4357490080874413,2,False
154213,4,0.52513202648980972,-13.243536815515423,0.033339189532821556,2.4357490080874413,2,False
154213,5,0.52513202648980939,-13.243536815515434,0.033339189532821556,2.4357490080874413,2,False
9065,0,0,-13.759878326195359,0.067751236012916993,5.1754282237961888,4,False
9065,1,0,-13.759878326195359,0.067751236012916993,5.1754282237961888,4,False
9065,2,0.49538829315350985,-6.4480073950279566,0.067751236012916993,5.1754282237961888,4,False
9065,3,1,1,0.067751236012916993,5.1754282237961888,4,False
9065,4,0.93224876398708301,0,0.067751236012916993,5.1754282237961888,4,True
9065,5,0.68791730074906676,-3.606302668654394,0.067751236012916993,5.1754282237961888,4,False
144769,0,0,-60.066667719413893,0.016375545569225269,6.8981958441436291,3,False
144769,1,0.34210432816525471,-39.175496385972956,0.016375545569225269,6.8981958441436291,3,False
144769,2,1,1,0.016375545569225269,6.8981958441436291,3,False
144769,3,0.98362445443077473,0,0.016375545569225269,6.8981958441436291,3,True
144769,4,0.53615970801370894,-27.325180985602756,0.016375545569225269,6.8981958441436291,3,False
144769,5,0.53615970801370894,-27.325180985602756,0.016375545569225269,6.8981958441436291,3,False
185450,0,0,-96.442064563702814,0.01026250833741571,7.2401490698102862,3,False
185450,1,0.35243439443972074,-62.100129546238037,0.01026250833741571,7.2401490698102862,3,False
185450,2,1,1,0.01026250833741571,7.2401490698102862,3,False
185450,3,0.98973749166258429,0,0.01026250833741571,7.2401490698102862,3,True
185450,4,0.35598379905573591,-61.754268232481579,0.01026250833741571,7.2401490698102862,3,False
185450,5,0.35598379905573591,-61.754268232481579,0.01026250833741571,7.2401490698102862,3,False
167952,0,0.2475496301088384,-265.48895964045056,0.0028235705182922954,7.5180719699710608,3,False
167952,1,0.54739968815969742,-159.29361013233583,0.0028235705182922954,7.5180719699710608,3,False
167952,2,1,1,0.0028235705182922954,7.5180719699710608,3,False
167952,3,0.9971764294817077,0,0.0028235705182922954,7.5180719699710608,3,True
167952,4,0.48094295823481864,-182.83002599103091,0.0028235705182922954,7.5180719699710608,3,False
167952,5,0,-353.16151058440829,0.0028235705182922954,7.5180719699710608,3,False
181223,0,0.12991050341408508,-13.399235167724596,0.060426091139631599,2.4883528904756531,3,False
181223,1,0.49044586154491243,-7.432684107890057,0.060426091139631599,2.4883528904756531,3,False
181223,2,1,1,0.060426091139631599,2.4883528904756531,3,False
181223,3,0.9395739088603684,0,0.060426091139631599,2.4883528904756531,3,True
181223,4,0.46575553638755995,-7.8412878201556495,0.060426091139631599,2.4883528904756531,3,False
181223,5,0,-15.549142616046714,0.060426091139631599,2.4883528904756531,3,False
192511,0,0.10093353542994285,-669.93078146832534,0.0013400286428988384,7.6154382571112365,2,False
192511,1,0.36643227045176852,-471.80163219321639,0.0013400286428988384,7.6154382571112365,2,False
192511,2,0.99865997135710116,0,0.0013400286428988384,7.6154382571112365,2,True
192511,3,1,1,0.0013400286428988384,7.6154382571112365,2,False
192511,4,0.26754500357821798,-545.59652262155157,0.0013400286428988384,7.6154382571112365,2,False
192511,5,0,-745.25270534272613,0.0013400286428988384,7.6154382571112365,2,False
10832,0,0,-28.646026772194531,0.033731332960203475,5.7364740227349102,4,False
10832,1,0.23058212507383058,-21.810182919066243,0.033731332960203475,5.7364740227349102,4,False
10832,2,0.58478671387526115,-11.309424196624876,0.033731332960203475,5.7364740227349102,4,False
10832,3,1,1,0.033731332960203475,5.7364740227349102,4,False
10832,4,0.96626866703979652,0,0.033731332960203475,5.7364740227349102,4,True
10832,5,0.83228011596766183,-3.9722281722520596,0.033731332960203475,5.7364740227349102,4,False
134310,0,0,-30.118959842138157,0.032134750167513659,5.6732369065284729,4,False
134310,1,0.20507222458325566,-23.737325520593885,0.032134750167513659,5.6732369065284729,4,False
134310,2,0.60028338650921953,-11.438765243455057,0.032134750167513659,5.6732369065284729,4,False
134310,3,1,1,0.032134750167513659,5.6732369065284729,4,False
134310,4,0.96786524983248634,0,0.032134750167513659,5.6732369065284729,4,True
134310,5,0.60337520061778838,-11.342551204371146,0.032134750167513659,5.6732369065284729,4,False
10295,0,0,-18.328151111512039,0.05173800609435375,5.0686431913636625,3,False
10295,1,0.1413381052257483,-15.596346855893986,0.05173800609435375,5.0686431913636625,3,False
10295,2,1,1,0.05173800609435375,5.0686431913636625,3,False
10295,3,0.94826199390564625,0,0.05173800609435375,5.0686431913636625,3,True
10295,4,0.066057957609482534,-17.051372924718102,0.05173800609435375,5.0686431913636625,3,False
10295,5,0.066057957609482534,-17.051372924718102,0.05173800609435375,5.0686431913636625,3,False
177751,0,0,-27.054626915074341,0.035644744199491707,6.3027736858930439,3,False
177751,1,0.059022689808950202,-25.39876737296008,0.035644744199491707,6.3027736858930439,3,False
177751,2,1,1,0.035644744199491707,6.3027736858930439,3,False
177751,3,0.96435525580050829,0,0.035644744199491707,6.3027736858930439,3,True
177751,4,0.54248458700088986,-11.835424219586187,0.035644744199491707,6.3027736858930439,3,False
177751,5,0.54248458700088986,-11.835424219586187,0.035644744199491707,6.3027736858930439,3,False
131738,0,0,-41.542793660922072,0.023505743604199547,6.1608368146698922,3,False
131738,1,0.25208794893644648,-30.81826806491377,0.023505743604199547,6.1608368146698922,3,False
131738,2,1,1,0.023505743604199547,6.1608368146698922,3,False
131738,3,0.97649425639580045,0,0.023505743604199547,6.1608368146698922,3,True
131738,4,0.36388304953883377,-26.062192167684383,0.023505743604199547,6.1608368146698922,3,False
131738,5,0.22916809282482836,-31.793342774208359,0.023505743604199547,6.1608368146698922,3,False
77061,0,0,-24.80784815344666,0.038747903120564864,3.9841138940537348,2,False
77061,1,0.27631226571533396,-17.676823156930517,0.038747903120564864,3.9841138940537348,2,False
77061,2,0.96125209687943514,0,0.038747903120564864,3.9841138940537348,2,True
77061,3,1,1,0.038747903120564864,3.9841138940537348,2,False
77061,4,0.4077126563298486,-14.285661828647546,0.038747903120564864,3.9841138940537348,2,False
77061,5,0.4055799333191375,-14.34070282026134,0.038747903120564864,3.9841138940537348,2,False
52261,0,0,-8.6146914704682001,0.10400749759589567,3.9872024595970288,4,False
52261,1,0.22898589755436818,-6.4130627143947123,0.10400749759589567,3.9872024595970288,4,False
52261,2,0.6236179506114844,-2.6187972798931018,0.10400749759589567,3.9872024595970288,4,False
52261,3,1,1,0.10400749759589567,3.9872024595970288,4,False
52261,4,0.89599250240410433,0,0.10400749759589567,3.9872024595970288,4,True
52261,5,0.58928062745013698,-2.9489400480112193,0.10400749759589567,3.9872024595970288,4,False
193812,0,0.085894217491962091,-8.1139332405557774,0.10029761666899095,2.7849958756705746,1,False
193812,1,0.89970238333100905,0,0.10029761666899095,2.7849958756705746,1,True
193812,2,1,1,0.10029761666899095,2.7849958756705746,1,False
193812,3,0.27319739645428404,-6.24645936447682,0.10029761666899095,2.7849958756705746,1,False
193812,4,4.0265358110989174e-16,-8.9703266459488056,0.10029761666899095,2.7849958756705746,1,False
193812,5,0,-8.9703266459488091,0.10029761666899095,2.7849958756705746,1,False
18353,0,0.61093106234696293,-5.0969864642773173,0.063813318256915941,5.7822228772565722,1,False
18353,1,0.93618668174308406,0,0.063813318256915941,5.7822228772565722,1,True
18353,2,1,1,0.063813318256915941,5.7822228772565722,1,False
18353,3,0.23665882520872475,-10.962098126883507,0.063813318256915941,5.7822228772565722,1,False
18353,4,0,-14.670709928826218,0.063813318256915941,5.7822228772565722,1,False
18353,5,0,-14.670709928826218,0.063813318256915941,5.7822228772565722,1,False
77932,0,0,-25.992235077905004,0.037047691571809427,5.3644703682512045,3,False
77932,1,0.45321633745821255,-13.758913156085807,0.037047691571809427,5.3644703682512045,3,False
77932,2,1,1,0.037047691571809427,5.3644703682512045,3,False
77932,3,0.96295230842819057,0,0.037047691571809427,5.3644703682512045,3,True
77932,4,0.48803412291639853,-12.81910330610639,0.037047691571809427,5.3644703682512045,3,False
77932,5,0.28064169360882868,-18.417088511354109,0.037047691571809427,5.3644703682512045,3,False
84774,0,8.5416013671837081e-16,-9.1223103749613834,0.098791675314916838,5.1291950175072998,3,False
84774,1,0,-9.1223103749613923,0.098791675314916838,5.1291950175072998,3,False
84774,2,1,1,0.098791675314916838,5.1291950175072998,3,False
84774,3,0.90120832468508316,0,0.098791675314916838,5.1291950175072998,3,True
84774,4,0.08070735093400723,-8.3053655192664415,0.098791675314916838,5.1291950175072998,3,False
84774,5,0.08070735093400723,-8.3053655192664415,0.098791675314916838,5.1291950175072998,3,False
43996,0,0,-5.5767945911853296,0.1520497540458795,3.0330590431112796,4,False
43996,1,0.24959536409238686,-3.9352571506375869,0.1520497540458795,3.0330590431112796,4,False
43996,2,0.61058446258161325,-1.5611060002167743,0.1520497540458795,3.0330590431112796,4,False
43996,3,1,1,0.1520497540458795,3.0330590431112796,4,False
43996,4,0.8479502459541205,0,0.1520497540458795,3.0330590431112796,4,True
43996,5,0.65421141965204144,-1.2741804649261077,0.1520497540458795,3.0330590431112796,4,False
62496,0,0,-13.438419691205826,0.069259657316173007,4.5898760699201375,3,False
62496,1,0.20035624402415697,-10.545592152231398,0.069259657316173007,4.5898760699201375,3,False
62496,2,1,1,0.069259657316173007,4.5898760699201375,3,False
62496,3,0.93074034268382699,0,0.069259657316173007,4.5898760699201375,3,True
62496,4,0.36295956458535178,-8.1978571667851892,0.069259657316173007,4.5898760699201375,3,False
62496,5,0.36295956458535178,-8.1978571667851892,0.069259657316173007,4.5898760699201375,3,False
130203,0,0,-13.586160481562432,0.06855813778163522,4.2522398319561034,3,False
130203,1,0.079376069564804891,-12.428368392494525,0.06855813778163522,4.2522398319561034,3,False
130203,2,1,1,0.06855813778163522,4.2522398319561034,3,False
130203,3,0.93144186221836478,0,0.06855813778163522,4.2522398319561034,3,True
130203,4,0.30338669514411726,-9.1609134582194809,0.06855813778163522,4.2522398319561034,3,False
130203,5,0.30338669514411726,-9.1609134582194809,0.06855813778163522,4.2522398319561034,3,False
197013,0,0.50509076883995718,-5.0855706395444908,0.081325032683720044,5.5057338923215866,1,False
197013,1,0.91867496731627996,0,0.081325032683720044,5.5057338923215866,1,True
197013,2,1,1,0.081325032683720044,5.5057338923215866,1,False
197013,3,0.22356617969271778,-8.5472918323549809,0.081325032683720044,5.5057338923215866,1,False
197013,4,0,-11.296336896525881,0.081325032683720044,5.5057338923215866,1,False
197013,5,0,-11.296336896525881,0.081325032683720044,5.5057338923215866,1,False
79510,0,0,-15.206254537646458,0.061704572001941682,5.0507788611575961,3,False
79510,1,0.33279571342415626,-9.8128824968569361,0.061704572001941682,5.0507788611575961,3,False
79510,2,1,1,0.061704572001941682,5.0507788611575961,3,False
79510,3,0.93829542799805832,0,0.061704572001941682,5.0507788611575961,3,True
79510,4,0.33545828219058688,-9.7697322297041751,0.061704572001941682,5.0507788611575961,3,False
79510,5,0.25623066746742734,-11.053715120318282,0.061704572001941682,5.0507788611575961,3,False
145626,0,0.82402949823406169,-12.155089310769862,0.013376610193126859,6.3715640364680439,1,False
145626,1,0.98662338980687314,0,0.013376610193126859,6.3715640364680439,1,True
145626,2,1,1,0.013376610193126859,6.3715640364680439,1,False
145626,3,0.6256843999882965,-26.982844278742125,0.013376610193126859,6.3715640364680439,1,False
145626,4,0.24035822613642471,-55.788809937355644,0.013376610193126859,6.3715640364680439,1,False
145626,5,0,-73.757355231433579,0.013376610193126859,6.3715640364680439,1,False
66950,0,0,-6.8158494424095055,0.12794514625293441,3.7130823937477544,4,False
66950,1,0.24646091139767015,-4.8895480654862871,0.12794514625293441,3.7130823937477544,4,False
66950,2,0.62892430561557255,-1.9002717590462472,0.12794514625293441,3.7130823937477544,4,False
66950,3,1,1,0.12794514625293441,3.7130823937477544,4,False
66950,4,0.87205485374706559,0,0.12794514625293441,3.7130823937477544,4,True
66950,5,0.80717033315738251,-0.5071276440718826,0.12794514625293441,3.7130823937477544,4,False
147831,0,0,-3.8571379401565165,0.20588256136035865,3.6897765618050471,4,False
147831,1,0,-3.8571379401565165,0.20588256136035865,3.6897765618050471,4,False
147831,2,0.31855999942797003,-2.3098480807186847,0.20588256136035865,3.6897765618050471,4,False
147831,3,1,1,0.20588256136035865,3.6897765618050471,4,False
147831,4,0.79411743863964135,0,0.20588256136035865,3.6897765618050471,4,True
147831,5,0.04632732012224549,-3.6321197559249812,0.20588256136035865,3.6897765618050471,4,False
17295,0,0,-5.8220163798401199,0.1465842273488408,3.1357412948273122,4,False
17295,1,0.22697798792097018,-4.2735688283801077,0.1465842273488408,3.1357412948273122,4,False
17295,2,0.63188176221683445,-1.5113086478746354,0.1465842273488408,3.1357412948273122,4,False
17295,3,1,1,0.1465842273488408,3.1357412948273122,4,False
17295,4,0.8534157726511592,0,0.1465842273488408,3.1357412948273122,4,True
17295,5,0.50979646019507263,-2.3441765780048227,0.1465842273488408,3.1357412948273122,4,False
81125,0,0,-19.041195362467615,0.049897223290021997,3.0744756114436314,3,False
81125,1,0.43599490935389917,-10.303336207064763,0.049897223290021997,3.0744756114436314,3,False
81125,2,1,1,0.049897223290021997,3.0744756114436314,3,False
81125,3,0.950102776709978,0,0.049897223290021997,3.0744756114436314,3,True
81125,4,0.48177926743390415,-9.3857629422382107,0.049897223290021997,3.0744756114436314,3,False
81125,5,0.48177926743390365,-9.3857629422382214,0.049897223290021997,3.0744756114436314,3,False
85265,0,0,-5.5083026658130034,0.15364989173795318,4.6155723463743925,3,False
85265,1,0.11336341625178975,-4.7704992416158101,0.15364989173795318,4.6155723463743925,3,False
85265,2,1,1,0.15364989173795318,4.6155723463743925,3,False
85265,3,0.84635010826204682,0,0.15364989173795318,4.6155723463743925,3,True
85265,4,0.32202564804799788,-3.4124622821620583,0.15364989173795318,4.6155723463743925,3,False
85265,5,0.32202564804799788,-3.4124622821620583,0.15364989173795318,4.6155723463743925,3,False
51448,0,0.50697940960147436,-4.1144895483979527,0.096396832124323706,5.1532420599833131,1,False
51448,1,0.90360316787567629,0,0.096396832124323706,5.1532420599833131,1,True
51448,2,1,1,0.096396832124323706,5.1532420599833131,1,False
51448,3,0.24608503275048138,-6.8209516914123158,0.096396832124323706,5.1532420599833131,1,False
51448,4,0,-9.3737848844482006,0.096396832124323706,5.1532420599833131,1,False
51448,5,3.5080206183174239e-16,-9.373784884448197,0.096396832124323706,5.1532420599833131,1,False
156907,0,0,-1.8160866413693122,0.35510271072972155,1.3977761080022901,4,False
156907,1,0.079688465278322518,-1.591677018827806,0.35510271072972155,1.3977761080022901,4,False
156907,2,0.52903082826326997,-0.3262899930245749,0.35510271072972155,1.3977761080022901,4,False
156907,3,1,1,0.35510271072972155,1.3977761080022901,4,False
156907,4,0.64489728927027845,0,0.35510271072972155,1.3977761080022901,4,True
156907,5,0.64489728927027845,0,0.35510271072972155,1.3977761080022901,4,False
110808,0,0.68779788975907996,-1.4299881438474722,0.12847886152506127,2.8797429604455829,1,False
110808,1,0.87152113847493873,0,0.12847886152506127,2.8797429604455829,1,True
110808,2,1,1,0.12847886152506127,2.8797429604455829,1,False
110808,3,0.64470628989738388,-1.7653865070505159,0.12847886152506127,2.8797429604455829,1,False
110808,4,0.32427506832451175,-4.2594249641889945,0.12847886152506127,2.8797429604455829,1,False
110808,5,0,-6.7833815472044678,0.12847886152506127,2.8797429604455829,1,False
81289,0,0,-27.423122627297126,0.035182622722797374,5.4857048017438501,4,False
81289,1,0.190785436681535,-22.000404764995423,0.035182622722797374,5.4857048017438501,4,False
81289,2,0.59526951605550682,-10.503704176159639,0.035182622722797374,5.4857048017438501,4,False
81289,3,1,1,0.035182622722797374,5.4857048017438501,4,False
81289,4,0.96481737727720263,0,0.035182622722797374,5.4857048017438501,4,True
81289,5,0.9648173772772024,-6.3112010345139081e-15,0.035182622722797374,5.4857048017438501,4,False
121202,0,0.49017135894558328,-3.9831526690785664,0.10231045984563203,4.0439310923684388,1,False
121202,1,0.89768954015436797,0,0.10231045984563203,4.0439310923684388,1,True
121202,2,1,1,0.10231045984563203,4.0439310923684388,1,False
121202,3,0.38909250989094479,-4.971114693754715,0.10231045984563203,4.0439310923684388,1,False
121202,4,0,-8.7741716879077565,0.10231045984563203,4.0439310923684388,1,False
121202,5,2.7319943998269386e-16,-8.7741716879077547,0.10231045984563203,4.0439310923684388,1,False
60201,0,0.096506882655904139,-3.3466562764165797,0.20785934288067132,2.0252117182826623,2,False
60201,1,0.096506882655903639,-3.3466562764165819,0.20785934288067132,2.0252117182826623,2,False
60201,2,0.79214065711932868,0,0.20785934288067132,2.0252117182826623,2,True
60201,3,1,1,0.20785934288067132,2.0252117182826623,2,False
60201,4,0,-3.8109456430548025,0.20785934288067132,2.0252117182826623,2,False
60201,5,5.0565416593432921e-16,-3.8109456430547999,0.20785934288067132,2.0252117182826623,2,False
167396,0,0.55728031911462261,-2.2447638331473057,0.13644126465005468,3.6039976028259844,1,False
167396,1,0.86355873534994532,0,0.13644126465005468,3.6039976028259844,1,True
167396,2,1,1,0.13644126465005468,3.6039976028259844,1,False
167396,3,0.54673437777566269,-2.322056735452251,0.13644126465005468,3.6039976028259844,1,False
167396,4,0.14813812414870028,-5.2434328649485904,0.13644126465005468,3.6039976028259844,1,False
167396,5,0,-6.3291610317802727,0.13644126465005468,3.6039976028259844,1,False
124468,0,0.89073668775502302,0,0.10926331224497698,4.7494239956140518,1,False
124468,1,0.89073668775502302,0,0.10926331224497698,4.7494239956140518,1,True
124468,2,1,1,0.10926331224497698,4.7494239956140518,1,False
124468,3,0.41063435610500715,-4.3939939379980402,0.10926331224497698,4.7494239956140518,1,False
124468,4,0,-8.1522028707854002,0.10926331224497698,4.7494239956140518,1,False
124468,5,2.625065890919727e-16,-8.1522028707853984,0.10926331224497698,4.7494239956140518,1,False
182797,0,0.59220019615823649,-4.7346151429002488,0.071111974156912838,4.467060747789219,1,False
182797,1,0.92888802584308716,0,0.071111974156912838,4.467060747789219,1,True
182797,2,1,1,0.071111974156912838,4.467060747789219,1,False
182797,3,0.60156250117955812,-4.6029593263894721,0.071111974156912838,4.467060747789219,1,False
182797,4,0.18228832891042362,-10.498930816985148,0.071111974156912838,4.467060747789219,1,False
182797,5,0,-13.062329331392769,0.071111974156912838,4.467060747789219,1,False
14687,0,0,-11.776454159191683,0.078268977256148675,5.3117252704687417,3,False
14687,1,0.17070664512665026,-9.595428533061634,0.078268977256148675,5.3117252704687417,3,False
14687,2,1,1,0.078268977256148675,5.3117252704687417,3,False
14687,3,0.92173102274385132,0,0.078268977256148675,5.3117252704687417,3,True
14687,4,0.017898000711764523,-11.547781173556643,0.078268977256148675,5.3117252704687417,3,False
14687,5,0.017898000711764134,-11.547781173556649,0.078268977256148675,5.3117252704687417,3,False
95055,0,0,-6.9551986435734223,0.12570396350917601,3.6262125679058954,4,False
95055,1,0.25238462859162669,-4.9474287885425321,0.12570396350917601,3.6262125679058954,4,False
95055,2,0.64161625330355876,-1.8510138955982904,0.12570396350917601,3.6262125679058954,4,False
95055,3,1,1,0.12570396350917601,3.6262125679058954,4,False
95055,4,0.87429603649082399,0,0.12570396350917601,3.6262125679058954,4,True
95055,5,0.87429603649082399,0,0.12570396350917601,3.6262125679058954,4,False
159502,0,0,-5.8011376946603033,0.14703422352191431,4.6214733966626227,3,False
159502,1,0,-5.8011376946603033,0.14703422352191431,4.6214733966626227,3,False
159502,2,1,1,0.14703422352191431,4.6214733966626227,3,False
159502,3,0.85296577647808569,0,0.14703422352191431,4.6214733966626227,3,True
159502,4,0.38286239187794419,-3.1972378493914122,0.14703422352191431,4.6214733966626227,3,False
159502,5,0.38286239187794469,-3.1972378493914086,0.14703422352191431,4.6214733966626227,3,False
144951,0,0.71776734144529108,-0.39715536465638818,0.20200520693281687,2.0867659517098218,1,False
144951,1,0.79799479306718313,0,0.20200520693281687,2.0867659517098218,1,True
144951,2,1,1,0.20200520693281687,2.0867659517098218,1,False
144951,3,0.40181537697693231,-1.9612336835555562,0.20200520693281687,2.0867659517098218,1,False
144951,4,0,-3.9503674444024663,0.20200520693281687,2.0867659517098218,1,False
144951,5,0,-3.9503674444024663,0.20200520693281687,2.0867659517098218,1,False
159615,0,0.20075293756146734,-1.8664393318808266,0.27882922675154032,3.2842998187988997,1,False
159615,1,0.72117077324845968,0,0.27882922675154032,3.2842998187988997,1,True
159615,2,1,1,0.27882922675154032,3.2842998187988997,1,False
159615,3,0.13319366345325737,-2.1087355749802303,0.27882922675154032,3.2842998187988997,1,False
159615,4,0,-2.5864246070986021,0.27882922675154032,3.2842998187988997,1,False
159615,5,3.8780372625545579e-16,-2.5864246070986008,0.27882922675154032,3.2842998187988997,1,False
4258,0,0.63073010035503596,-0.62930021816364423,0.22664325182572043,2.0379750409629196,1,False
4258,1,0.77335674817427957,0,0.22664325182572043,2.0379750409629196,1,True
4258,2,1,1,0.22664325182572043,2.0379750409629196,1,False
4258,3,0.59497628529281532,-0.78705393363589615,0.22664325182572043,2.0379750409629196,1,False
4258,4,0.21690222240068111,-2.4552000612905505,0.22664325182572043,2.0379750409629196,1,False
4258,5,0,-3.4122204916516106,0.22664325182572043,2.0379750409629196,1,False
165662,0,0,-5.6034987397372715,0.15143487405886691,3.7257282020291314,3,False
165662,1,0,-5.6034987397372715,0.15143487405886691,3.7257282020291314,3,False
165662,2,1,1,0.15143487405886691,3.7257282020291314,3,False
165662,3,0.84856512594113309,0,0.15143487405886691,3.7257282020291314,3,True
165662,4,0.24450038505210425,-3.988940755180423,0.15143487405886691,3.7257282020291314,3,False
165662,5,0.24450038505210372,-3.988940755180427,0.15143487405886691,3.7257282020291314,3,False
134648,0,0.77245871582194758,-13.862837683411399,0.015309410559735448,7.2389186590444297,1,False
134648,1,0.98469058944026455,0,0.015309410559735448,7.2389186590444297,1,True
134648,2,1,1,0.015309410559735448,7.2389186590444297,1,False
134648,3,0.19376283648563278,-51.662848146146999,0.015309410559735448,7.2389186590444297,1,False
134648,4,0,-64.319301229666706,0.015309410559735448,7.2389186590444297,1,False
134648,5,0,-64.319301229666706,0.015309410559735448,7.2389186590444297,1,False
51378,0,0,-4.2540030963752811,0.1903310640775786,2.5582625884562731,3,False
51378,1,0.25041558448263607,-2.9383188401228852,0.1903310640775786,2.5582625884562731,3,False
51378,2,1,1,0.1903310640775786,2.5582625884562731,3,False
51378,3,0.8096689359224214,0,0.1903310640775786,2.5582625884562731,3,True
51378,4,0.29150978517213494,-2.7224097824571913,0.1903310640775786,2.5582625884562731,3,False
51378,5,0.29150978517213494,-2.7224097824571913,0.1903310640775786,2.5582625884562731,3,False
37916,0,0.44989545713946033,-2.4818300701761231,0.1579929323870517,4.036254997132346,1,False
37916,1,0.8420070676129483,0,0.1579929323870517,4.036254997132346,1,True
37916,2,1,1,0.1579929323870517,4.036254997132346,1,False
37916,3,0.28848877178901738,-3.5034370681083353,0.1579929323870517,4.036254997132346,1,False
37916,4,3.1918189014783731e-16,-5.3293970489147942,0.1579929323870517,4.036254997132346,1,False
37916,5,0,-5.3293970489147968,0.1579929323870517,4.036254997132346,1,False
181295,0,0,-2.2719588190839781,0.30562731846361113,1.3851032455568202,4,False
181295,1,0.22069209754054173,-1.5498633642340611,0.30562731846361113,1.3851032455568202,4,False
181295,2,0.59838795344905216,-0.31405807756273896,0.30562731846361113,1.3851032455568202,4,False
181295,3,1,1,0.30562731846361113,1.3851032455568202,4,False
181295,4,0.69437268153638887,0,0.30562731846361113,1.3851032455568202,4,True
181295,5,0.69437268153638887,0,0.30562731846361113,1.3851032455568202,4,False
106887,0,0,-5.4090738669164571,0.15602878368464201,2.6009806331712753,3,False
106887,1,0.39555305346600322,-2.8739451289684879,0.15602878368464201,2.6009806331712753,3,False
106887,2,1,1,0.15602878368464201,2.6009806331712753,3,False
106887,3,0.84397121631535799,0,0.15602878368464201,2.6009806331712753,3,True
106887,4,0.23488678063855881,-3.903667139441731,0.15602878368464201,2.6009806331712753,3,False
106887,5,0.23488678063855853,-3.9036671394417333,0.15602878368464201,2.6009806331712753,3,False
132194,0,0.35998318195373508,-2.4940810082915985,0.18317171712031821,3.2649393111933023,3,False
132194,1,0.35998318195373563,-2.4940810082915954,0.18317171712031821,3.2649393111933023,3,False
132194,2,1,1,0.18317171712031821,3.2649393111933023,3,False
132194,3,0.81682828287968179,0,0.18317171712031821,3.2649393111933023,3,True
132194,4,0.091364410634998811,-3.9605670768929606,0.18317171712031821,3.2649393111933023,3,False
132194,5,0,-4.4593581133660489,0.18317171712031821,3.2649393111933023,3,False
155459,0,0.57009476157015349,-1.3707953574216909,0.18133376087651065,3.5174231319688261,1,False
155459,1,0.81866623912348935,0,0.18133376087651065,3.5174231319688261,1,True
155459,2,1,1,0.18133376087651065,3.5174231319688261,1,False
155459,3,0.50056584335936083,-1.7542259876292796,0.18133376087651065,3.5174231319688261,1,False
155459,4,0,-4.5146928799486261,0.18133376087651065,3.5174231319688261,1,False
155459,5,0,-4.5146928799486261,0.18133376087651065,3.5174231319688261,1,False
51586,0,0.50313044940123475,-2.9009763395020909,0.12737056248389966,4.9751917789690197,1,False
51586,1,0.87262943751610034,0,0.12737056248389966,4.9751917789690197,1,True
51586,2,1,1,0.12737056248389966,4.9751917789690197,1,False
51586,3,0.2536362452029346,-4.8597821996068351,0.12737056248389966,4.9751917789690197,1,False
51586,4,0,-6.8511076696109079,0.12737056248389966,4.9751917789690197,1,False
51586,5,0,-6.8511076696109079,0.12737056248389966,4.9751917789690197,1,False
113107,0,0.79989795864950064,-3.2691330904497633,0.046871820838318756,5.2091607241891325,1,False
113107,1,0.95312817916168124,0,0.046871820838318756,5.2091607241891325,1,True
113107,2,1,1,0.046871820838318756,5.2091607241891325,1,False
113107,3,0.54882902237923736,-8.6256336867527938,0.046871820838318756,5.2091607241891325,1,False
113107,4,0.011485588616705877,-20.089737793483831,0.046871820838318756,5.2091607241891325,1,False
113107,5,0,-20.33478030327505,0.046871820838318756,5.2091607241891325,1,False
93145,0,0,-3.5920260355439511,0.21776880014608724,0.78905842939275317,4,False
93145,1,0.28754608504187473,-2.2716069266129275,0.21776880014608724,0.78905842939275317,4,False
93145,2,0.64821672946494646,-0.61539793716576718,0.21776880014608724,0.78905842939275317,4,False
93145,3,1,1,0.21776880014608724,0.78905842939275317,4,False
93145,4,0.78223119985391276,0,0.21776880014608724,0.78905842939275317,4,True
93145,5,0.43250288971932965,-1.6059615055047951,0.21776880014608724,0.78905842939275317,4,False
130102,0,0,-5.1046955635403028,0.16380833238800674,2.6295541010331362,3,False
130102,1,0.44739457856308684,-2.3734878646342428,0.16380833238800674,2.6295541010331362,3,False
130102,2,1,1,0.16380833238800674,2.6295541010331362,3,False
130102,3,0.83619166761199326,0,0.16380833238800674,2.6295541010331362,3,True
130102,4,0.60113188928298145,-1.4349683859318854,0.16380833238800674,2.6295541010331362,3,False
130102,5,0.60113188928298122,-1.4349683859318867,0.16380833238800674,2.6295541010331362,3,False
16415,0,0.76937585650125495,-1.2022364887452348,0.10472269653026567,4.1053282865323126,1,False
16415,1,0.89527730346973433,0,0.10472269653026567,4.1053282865323126,1,True
16415,2,1,1,0.10472269653026567,4.1053282865323126,1,False
16415,3,0.65350553538760914,-2.3086854721340306,0.10472269653026567,4.1053282865323126,1,False
16415,4,0.2512511870821848,-6.1498236554806534,0.10472269653026567,4.1053282865323126,1,False
16415,5,0,-8.5490283685637554,0.10472269653026567,4.1053282865323126,1,False
197134,0,0.74408963661417438,-0.67513276345460338,0.15277019766365574,3.9859326906735078,1,False
197134,1,0.84722980233634426,0,0.15277019766365574,3.9859326906735078,1,True
197134,2,1,1,0.15277019766365574,3.9859326906735078,1,False
197134,3,0.48631759513204598,-2.3624516608854256,0.15277019766365574,3.9859326906735078,1,False
197134,4,0,-5.5457793162095355,0.15277019766365574,3.9859326906735078,1,False
197134,5,0,-5.5457793162095355,0.15277019766365574,3.9859326906735078,1,False
151289,0,0.62702159959904558,-2.9074932324318348,0.095452091203963696,4.9887932830024511,1,False
151289,1,0.9045479087960363,0,0.095452091203963696,4.9887932830024511,1,True
151289,2,1,1,0.095452091203963696,4.9887932830024511,1,False
151289,3,0.42172228439455262,-5.0583032630450546,0.095452091203963696,4.9887932830024511,1,False
151289,4,0,-9.4764598385087506,0.095452091203963696,4.9887932830024511,1,False
151289,5,0,-9.4764598385087506,0.095452091203963696,4.9887932830024511,1,False
194314,0,0.70834325465610981,-6.9309960124883183,0.036774289746791089,6.2360539953224361,1,False
194314,1,0.96322571025320891,0,0.036774289746791089,6.2360539953224361,1,True
194314,2,1,1,0.036774289746791089,6.2360539953224361,1,False
194314,3,0.39224184213578922,-15.526713691791793,0.036774289746791089,6.2360539953224361,1,False
194314,4,0,-26.192911321618649,0.036774289746791089,6.2360539953224361,1,False
194314,5,0,-26.192911321618649,0.036774289746791089,6.2360539953224361,1,False
95103,0,0.59777381325115819,-1.1838888620339467,0.1841788718013021,1.9525675544864498,1,False
95103,1,0.8158211281986979,0,0.1841788718013021,1.9525675544864498,1,True
95103,2,1,1,0.1841788718013021,1.9525675544864498,1,False
95103,3,0.64110469119625457,-0.94862366835938083,0.1841788718013021,1.9525675544864498,1,False
95103,4,0.30245417747060033,-2.7873281321971275,0.1841788718013021,1.9525675544864498,1,False
95103,5,0,-4.4295044280585625,0.1841788718013021,1.9525675544864498,1,False
146643,0,0.86625847058305838,-1.7258018166047631,0.049065023217105708,5.3158981213346124,1,False
146643,1,0.95093497678289429,0,0.049065023217105708,5.3158981213346124,1,True
146643,2,1,1,0.049065023217105708,5.3158981213346124,1,False
146643,3,0.55361967846723303,-8.0977297525693182,0.049065023217105708,5.3158981213346124,1,False
146643,4,0.09381807798890679,-17.469000167417995,0.049065023217105708,5.3158981213346124,1,False
146643,5,0,-19.381117432170431,0.049065023217105708,5.3158981213346124,1,False
40637,0,0.62719047440877229,-1.7519812390877678,0.13546950113468337,4.3634364269673824,1,False
40637,1,0.86453049886531663,0,0.13546950113468337,4.3634364269673824,1,True
40637,2,1,1,0.13546950113468337,4.3634364269673824,1,False
40637,3,0.37360096151650396,-3.6239119007364766,0.13546950113468337,4.3634364269673824,1,False
40637,4,0,-6.3817353103397272,0.13546950113468337,4.3634364269673824,1,False
40637,5,2.8476475831403779e-16,-6.3817353103397254,0.13546950113468337,4.3634364269673824,1,False
136586,0,0.57885483051560804,-1.5189041985090157,0.1671938018657777,3.9299230324104428,1,False
136586,1,0.8328061981342223,0,0.1671938018657777,3.9299230324104428,1,True
136586,2,1,1,0.1671938018657777,3.9299230324104428,1,False
136586,3,0.46175403166030926,-2.2192937915951676,0.1671938018657777,3.9299230324104428,1,False
136586,4,0,-4.9810829638457212,0.1671938018657777,3.9299230324104428,1,False
136586,5,0,-4.9810829638457212,0.1671938018657777,3.9299230324104428,1,False
65167,0,0.74008266842477977,-0.48867782129963128,0.17459609316158797,3.873620753409341,1,False
65167,1,0.82540390683841203,0,0.17459609316158797,3.873620753409341,1,True
65167,2,1,1,0.17459609316158797,3.873620753409341,1,False
65167,3,0.50665148030186702,-1.8256561230241328,0.17459609316158797,3.873620753409341,1,False
65167,4,0,-4.7275050196827948,0.17459609316158797,3.873620753409341,1,False
65167,5,0,-4.7275050196827948,0.17459609316158797,3.873620753409341,1,False
56366,0,0.46008022088635792,-2.7577717573642357,0.14368083374290697,2.4484578059054911,3,False
56366,1,0.5450286869597466,-2.1665414320628815,0.14368083374290697,2.4484578059054911,3,False
56366,2,1,1,0.14368083374290697,2.4484578059054911,3,False
56366,3,0.85631916625709303,0,0.14368083374290697,2.4484578059054911,3,True
56366,4,0.44987245885927435,-2.8288164594387566,0.14368083374290697,2.4484578059054911,3,False
56366,5,0,-5.9598705265681726,0.14368083374290697,2.4484578059054911,3,False
146154,0,0.85757837794660896,-1.2378929139141053,0.063640945984450026,4.5589183545671403,1,False
146154,1,0.93635905401554997,0,0.063640945984450026,4.5589183545671403,1,True
146154,2,1,1,0.063640945984450026,4.5589183545671403,1,False
146154,3,0.64329581265669622,-4.6049479124722721,0.063640945984450026,4.5589183545671403,1,False
146154,4,0.26439988003978798,-10.558598141202173,0.063640945984450026,4.5589183545671403,1,False
146154,5,0,-14.713154236336134,0.063640945984450026,4.5589183545671403,1,False
44012,0,0,-2.6540315964761634,0.27367032101319799,3.9406554457964376,3,False
44012,1,0.18004874271977567,-1.9961278016722956,0.27367032101319799,3.9406554457964376,3,False
44012,2,1,1,0.27367032101319799,3.9406554457964376,3,False
44012,3,0.72632967898680201,0,0.27367032101319799,3.9406554457964376,3,True
44012,4,0.72632967898680201,0,0.27367032101319799,3.9406554457964376,3,False
44012,5,0.72632967898680201,0,0.27367032101319799,3.9406554457964376,3,False
71642,0,0.65536466276440908,-0.73892860908643498,0.19818831862030772,3.3928926489315927,1,False
71642,1,0.80181168137969228,0,0.19818831862030772,3.3928926489315927,1,True
71642,2,1,1,0.19818831862030772,3.3928926489315927,1,False
71642,3,0.36869759410315833,-2.1853663742225931,0.19818831862030772,3.3928926489315927,1,False
71642,4,0,-4.0457060585685456,0.19818831862030772,3.3928926489315927,1,False
71642,5,0,-4.0457060585685456,0.19818831862030772,3.3928926489315927,1,False
128958,0,0.76359536816569995,-1.2176507238927425,0.10660138194319813,3.7623364807805046,1,False
128958,1,0.89339861805680187,0,0.10660138194319813,3.7623364807805046,1,True
128958,2,1,1,0.10660138194319813,3.7623364807805046,1,False
128958,3,0.54391667349684836,-3.2783997560760776,0.10660138194319813,3.7623364807805046,1,False
128958,4,0.089335742664019349,-7.5427059268445733,0.10660138194319813,3.7623364807805046,1,False
128958,5,0,-8.3807414291574922,0.10660138194319813,3.7623364807805046,1,False
24641,0,0.51050695685115499,-0.89762877528872542,0.25794984220471062,1.1265435614041053,1,False
24641,1,0.74205015779528938,0,0.25794984220471062,1.1265435614041053,1,True
24641,2,1,1,0.25794984220471062,1.1265435614041053,1,False
24641,3,0.53180292986149036,-0.81507019402223746,0.25794984220471062,1.1265435614041053,1,False
24641,4,0.14695666734080567,-2.3070124229121012,0.25794984220471062,1.1265435614041053,1,False
24641,5,0,-2.8767226661313239,0.25794984220471062,1.1265435614041053,1,False
77823,0,0.97358678414406552,0,0.02641321585593448,5.3967525758780539,0,True
77823,1,1,1,0.02641321585593448,5.3967525758780539,0,False
77823,2,0.63954003362984857,-12.646954931054481,0.02641321585593448,5.3967525758780539,0,False
77823,3,0.29404260721610803,-25.727430564850309,0.02641321585593448,5.3967525758780539,0,False
77823,4,0,-36.859835222424138,0.02641321585593448,5.3967525758780539,0,False
77823,5,1.5387646275608379e-16,-36.859835222424138,0.02641321585593448,5.3967525758780539,0,False
100359,0,0.76729047292437902,-2.4616301317242582,0.067225416413771222,4.5492015958297998,1,False
100359,1,0.93277458358622878,0,0.067225416413771222,4.5492015958297998,1,True
100359,2,1,1,0.067225416413771222,4.5492015958297998,1,False
100359,3,0.57360929897406787,-5.342700778549367,0.067225416413771222,4.5492015958297998,1,False
100359,4,0.14297026672409685,-11.748596869982935,0.067225416413771222,4.5492015958297998,1,False
100359,5,0,-13.875326228476117,0.067225416413771222,4.5492015958297998,1,False
86620,0,0.63507764065760874,-1.417903036275399,0.1509251421035176,2.5902543308911845,1,False
86620,1,0.8490748578964824,0,0.1509251421035176,2.5902543308911845,1,True
86620,2,1,1,0.1509251421035176,2.5902543308911845,1,False
86620,3,0.46773965629062603,-2.5266512675820674,0.1509251421035176,2.5902543308911845,1,False
86620,4,0,-5.6258012817646579,0.1509251421035176,2.5902543308911845,1,False
86620,5,0,-5.6258012817646579,0.1509251421035176,2.5902543308911845,1,False
87036,0,0,-6.0057361572834518,0.14274017427281482,4.1346387283410877,3,False
87036,1,0.26447878380937467,-4.152867578715763,0.14274017427281482,4.1346387283410877,3,False
87036,2,1,1,0.14274017427281482,4.1346387283410877,3,False
87036,3,0.85725982572718518,0,0.14274017427281482,4.1346387283410877,3,True
87036,4,0.75249877379344909,-0.73392828940722443,0.14274017427281482,4.1346387283410877,3,False
87036,5,0.75249877379344909,-0.73392828940722443,0.14274017427281482,4.1346387283410877,3,False
41829,0,0.66439907210591398,-0.19247094452182792,0.28143321179926906,0.78523160511394963,1,False
41829,1,0.71856678820073094,0,0.28143321179926906,0.78523160511394963,1,True
41829,2,1,1,0.28143321179926906,0.78523160511394963,1,False
41829,3,0.49028816849619633,-0.8111289291164161,0.28143321179926906,0.78523160511394963,1,False
41829,4,0.018676824226747452,-2.4868776485171082,0.28143321179926906,0.78523160511394963,1,False
41829,5,0,-2.5532409043224273,0.28143321179926906,0.78523160511394963,1,False
173031,0,0.42193261158538309,-1.2300750104194473,0.25921432495039265,3.1027685318840668,1,False
173031,1,0.74078567504960735,0,0.25921432495039265,3.1027685318840668,1,True
173031,2,1,1,0.25921432495039265,3.1027685318840668,1,False
173031,3,0.4964278959560311,-0.94268624675870216,0.25921432495039265,3.1027685318840668,1,False
173031,4,0,-2.8578114855009491,0.25921432495039265,3.1027685318840668,1,False
173031,5,3.1598127425193565e-16,-2.8578114855009478,0.25921432495039265,3.1027685318840668,1,False
182746,0,0,-6.1074686345861782,0.14069706831118833,3.8645741106010973,4,False
182746,1,0.00046728994322966421,-6.1041473859714159,0.14069706831118833,3.8645741106010973,4,False
182746,2,0.51915649909200945,-2.4175801008481534,0.14069706831118833,3.8645741106010973,4,False
182746,3,1,1,0.14069706831118833,3.8645741106010973,4,False
182746,4,0.85930293168881167,0,0.14069706831118833,3.8645741106010973,4,True
182746,5,0.81986577724278753,-0.28029833826244738,0.14069706831118833,3.8645741106010973,4,False
178992,0,0.49882271105588438,-0.82385832196238018,0.27478959462425456,2.5737883326364681,1,False
178992,1,0.72521040537574544,0,0.27478959462425456,2.5737883326364681,1,True
178992,2,1,1,0.27478959462425456,2.5737883326364681,1,False
178992,3,0.3955319620728871,-1.1997486431524396,0.27478959462425456,2.5737883326364681,1,False
178992,4,0,-2.6391479865436436,0.27478959462425456,2.5737883326364681,1,False
178992,5,0,-2.6391479865436436,0.27478959462425456,2.5737883326364681,1,False
185936,0,0.77198752527729853,-0.11985941488108785,0.20360812410271423,2.6652095983736217,1,False
185936,1,0.79639187589728577,0,0.20360812410271423,2.6652095983736217,1,True
185936,2,1,1,0.20360812410271423,2.6652095983736217,1,False
185936,3,0.61717984176782004,-0.8801811564211387,0.20360812410271423,2.6652095983736217,1,False
185936,4,0.2131838948612278,-2.8643649835005944,0.20360812410271423,2.6652095983736217,1,False
185936,5,0,-3.9113953797616143,0.20360812410271423,2.6652095983736217,1,False
170750,0,0.71156028483015665,-7.6981286988958467e-16,0.28843971516984312,2.8697462104028091,1,False
170750,1,0.71156028483015688,0,0.28843971516984312,2.8697462104028091,1,True
170750,2,1,1,0.28843971516984312,2.8697462104028091,1,False
170750,3,0.42474264758512953,-0.99437637107684484,0.28843971516984312,2.8697462104028091,1,False
170750,4,0,-2.4669289539797457,0.28843971516984312,2.8697462104028091,1,False
170750,5,2.7116220837817066e-16,-2.4669289539797448,0.28843971516984312,2.8697462104028091,1,False
116308,0,0.87241996162232249,-0.21194174673982083,0.1052691176955276,5.2314250920899212,1,False
116308,1,0.8947308823044724,0,0.1052691176955276,5.2314250920899212,1,True
116308,2,1,1,0.1052691176955276,5.2314250920899212,1,False
116308,3,0.30525032705153993,-5.5997482277556587,0.1052691176955276,5.2314250920899212,1,False
116308,4,4.8482054640432225e-16,-8.4994621584302017,0.1052691176955276,5.2314250920899212,1,False
116308,5,0,-8.4994621584302052,0.1052691176955276,5.2314250920899212,1,False
163736,0,0.29711131351260378,-1.2393452493058994,0.31388133951442343,0.6724612225079909,3,False
163736,1,0.38757285655377588,-0.95114225137962349,0.31388133951442343,0.6724612225079909,3,False
163736,2,1,1,0.31388133951442343,0.6724612225079909,3,False
163736,3,0.68611866048557657,0,0.31388133951442343,0.6724612225079909,3,True
163736,4,0,-2.1859173327952748,0.31388133951442343,0.6724612225079909,3,False
163736,5,3.5245089474710764e-16,-2.1859173327952739,0.31388133951442343,0.6724612225079909,3,False
189734,0,0.71910644503307697,-0.54556959514290582,0.18174112369294582,3.3411509703146294,1,False
189734,1,0.81825887630705418,0,0.18174112369294582,3.3411509703146294,1,True
189734,2,1,1,0.18174112369294582,3.3411509703146294,1,False
189734,3,0.45509086304541163,-1.9982709795237099,0.18174112369294582,3.3411509703146294,1,False
189734,4,0,-4.502331996634477,0.18174112369294582,3.3411509703146294,1,False
189734,5,0,-4.502331996634477,0.18174112369294582,3.3411509703146294,1,False
159264,0,0.99004030887945338,2.229432642413511e-14,0.009959691120546843,6.4560426904354244,1,False
159264,1,0.99004030887945316,0,0.009959691120546843,6.4560426904354244,1,True
159264,2,1,1,0.009959691120546843,6.4560426904354244,1,False
159264,3,0.67542065289305531,-31.589298521250072,0.009959691120546843,6.4560426904354244,1,False
159264,4,0.33245801899117189,-66.024365809065003,0.009959691120546843,6.4560426904354244,1,False
159264,5,0,-99.404720176211086,0.009959691120546843,6.4560426904354244,1,False
178512,0,0.48401633353131779,-0.6196332763602671,0.31858055400555263,1.86195064795902,1,False
178512,1,0.68141944599444737,0,0.31858055400555263,1.86195064795902,1,True
178512,2,1,1,0.31858055400555263,1.86195064795902,1,False
178512,3,0.50539940685979334,-0.55251344415574755,0.31858055400555263,1.86195064795902,1,False
178512,4,0,-2.1389235388879722,0.31858055400555263,1.86195064795902,1,False
178512,5,0,-2.1389235388879722,0.31858055400555263,1.86195064795902,1,False
171133,0,0.85134485212621347,-0.2250885043162805,0.12134237432645789,3.5582664993125945,1,False
171133,1,0.87865762567354211,0,0.12134237432645789,3.5582664993125945,1,True
171133,2,1,1,0.12134237432645789,3.5582664993125945,1,False
171133,3,0.76192262120662424,-0.96203000077166434,0.12134237432645789,3.5582664993125945,1,False
171133,4,0.3251161941603487,-4.561814737726765,0.12134237432645789,3.5582664993125945,1,False
171133,5,0,-7.2411441637825007,0.12134237432645789,3.5582664993125945,1,False
16800,0,0.56903248769912007,-0.98374675859374028,0.21724925847207877,2.9447677339194342,1,False
16800,1,0.78275074152792123,0,0.21724925847207877,2.9447677339194342,1,True
16800,2,1,1,0.21724925847207877,2.9447677339194342,1,False
16800,3,0.41635639051570744,-1.6865160028120574,0.21724925847207877,2.9447677339194342,1,False
16800,4,0,-3.6030076559663917,0.21724925847207877,2.9447677339194342,1,False
16800,5,0,-3.6030076559663917,0.21724925847207877,2.9447677339194342,1,False
123170,0,0.70331887520248637,0,0.29668112479751363,2.1333127821562812,1,False
123170,1,0.70331887520248637,0,0.29668112479751363,2.1333127821562812,1,True
123170,2,1,1,0.29668112479751363,2.1333127821562812,1,False
123170,3,0.55390259324464031,-0.503625844279185,0.29668112479751363,2.1333127821562812,1,False
123170,4,0.098645204543074516,-2.0381265275035769,0.29668112479751363,2.1333127821562812,1,False
123170,5,0,-2.3706222486600894,0.29668112479751363,2.1333127821562812,1,False
1786,0,0.48666985737254564,-0.0019737651834128779,0.51231894533035849,2.6901689962251112,1,False
1786,1,0.48768105466964151,0,0.51231894533035849,2.6901689962251112,1,True
1786,2,1,1,0.51231894533035849,2.6901689962251112,1,False
1786,3,0.42401001195914828,-0.12428008624478303,0.51231894533035849,2.6901689962251112,1,False
1786,4,0,-0.95190907756723742,0.51231894533035849,2.6901689962251112,1,False
1786,5,0,-0.95190907756723742,0.51231894533035849,2.6901689962251112,1,False
85073,0,0,-4.237494201507074,0.19093099897127386,3.604191682767123,4,False
85073,1,0,-4.237494201507074,0.19093099897127386,3.604191682767123,4,False
85073,2,0.43369333831300194,-1.9660278568604808,0.19093099897127386,3.604191682767123,4,False
85073,3,1,1,0.19093099897127386,3.604191682767123,4,False
85073,4,0.80906900102872614,0,0.19093099897127386,3.604191682767123,4,True
85073,5,0.64234677289442776,-0.87320670311572735,0.19093099897127386,3.604191682767123,4,False
66911,0,0.77669530661349984,-1.4915356338304484e-15,0.22330469338649983,3.5272629880346358,1,False
66911,1,0.77669530661350017,0,0.22330469338649983,3.5272629880346358,1,True
66911,2,1,1,0.22330469338649983,3.5272629880346358,1,False
66911,3,0.58491438666883744,-0.85883067228114562,0.22330469338649983,3.5272629880346358,1,False
66911,4,3.3844701523487747e-16,-3.478186216485748,0.22330469338649983,3.5272629880346358,1,False
66911,5,0,-3.4781862164857493,0.22330469338649983,3.5272629880346358,1,False
28649,0,0.89884120857979277,0,0.10115879142020723,3.5536633693845943,0,True
28649,1,1,1,0.10115879142020723,3.5536633693845943,0,False
28649,2,0.68125212936301338,-2.1509655874883689,0.10115879142020723,3.5536633693845943,0,False
28649,3,0.34432449605028054,-5.4816462785333693,0.10115879142020723,3.5536633693845943,0,False
28649,4,0,-8.8854482735569977,0.10115879142020723,3.5536633693845943,0,False
28649,5,3.0072848111709009e-16,-8.8854482735569942,0.10115879142020723,3.5536633693845943,0,False
170866,0,0.56630268055864386,7.6797086921489139e-16,0.43369731944135648,2.479595375014469,1,False
170866,1,0.56630268055864352,0,0.43369731944135648,2.479595375014469,1,True
170866,2,1,1,0.43369731944135648,2.479595375014469,1,False
170866,3,0.50856373781798436,-0.13313188749940263,0.43369731944135648,2.479595375014469,1,False
170866,4,0,-1.3057555469517206,0.43369731944135648,2.479595375014469,1,False
170866,5,0,-1.3057555469517206,0.43369731944135648,2.479595375014469,1,False
185499,0,0.41522587168684971,-0.57075753443642574,0.37228796647024343,1.7015957254334353,1,False
185499,1,0.62771203352975657,0,0.37228796647024343,1.7015957254334353,1,True
185499,2,1,1,0.37228796647024343,1.7015957254334353,1,False
185499,3,0.59621316988164408,-0.08460886863134795,0.37228796647024343,1.7015957254334353,1,False
185499,4,4.0090889011658515e-16,-1.6860927294568584,0.37228796647024343,1.7015957254334353,1,False
185499,5,0,-1.6860927294568597,0.37228796647024343,1.7015957254334353,1,False
81246,0,0.59108243831512841,-0.054384700824587455,0.38782577304571597,2.6098066676640883,1,False
81246,1,0.61217422695428403,0,0.38782577304571597,2.6098066676640883,1,True
81246,2,1,1,0.38782577304571597,2.6098066676640883,1,False
81246,3,0.47329191259711811,-0.35810491207554379,0.38782577304571597,2.6098066676640883,1,False
81246,4,0,-1.5784774233715571,0.38782577304571597,2.6098066676640883,1,False
81246,5,3.0976275956164427e-16,-1.5784774233715562,0.38782577304571597,2.6098066676640883,1,False
1320,0,0,-6.1879569140805604,0.13912159073200481,3.6915593227604404,4,False
1320,1,3.5467435165115437e-16,-6.1879569140805586,0.13912159073200481,3.6915593227604404,4,False
1320,2,0.60440788471716389,-1.843499080203016,0.13912159073200481,3.6915593227604404,4,False
1320,3,1,1,0.13912159073200481,3.6915593227604404,4,False
1320,4,0.86087840926799519,0,0.13912159073200481,3.6915593227604404,4,True
1320,5,0.86087840926799519,0,0.13912159073200481,3.6915593227604404,4,False
192218,0,0.97496393702369921,0,0.025036062976300788,1.1747699842089787,0,True
192218,1,1,1,0.025036062976300788,1.1747699842089787,0,False
192218,2,0.99526223940348879,0.81076255475966863,0.025036062976300788,1.1747699842089787,0,False
192218,3,0.62097558648694695,-14.139138045460211,0.025036062976300788,1.1747699842089787,0,False
192218,4,0.22364648573302798,-30.009408907537523,0.025036062976300788,1.1747699842089787,0,False
192218,5,0,-38.942382352473032,0.025036062976300788,1.1747699842089787,0,False
132420,0,0,-6.0736598439633305,0.14136953459154544,3.3258778674062341,4,False
132420,1,0.21002014561301738,-4.5880487735171975,0.14136953459154544,3.3258778674062341,4,False
132420,2,0.67765977312571846,-1.280125118934635,0.14136953459154544,3.3258778674062341,4,False
132420,3,1,1,0.14136953459154544,3.3258778674062341,4,False
132420,4,0.85863046540845456,0,0.14136953459154544,3.3258778674062341,4,True
132420,5,0.85863046540845434,-1.5706680054268963e-15,0.14136953459154544,3.3258778674062341,4,False
150490,0,0.94237257852751188,0,0.057627421472488116,3.5587540585547686,0,True
150490,1,1,1,0.057627421472488116,3.5587540585547686,0,False
150490,2,0.8501939683234353,-1.5995615949619322,0.057627421472488116,3.5587540585547686,0,False
150490,3,0.42294836273043479,-9.0134904967950931,0.057627421472488116,3.5587540585547686,0,False
150490,4,0,-16.352849987872695,0.057627421472488116,3.5587540585547686,0,False
150490,5,0,-16.352849987872695,0.057627421472488116,3.5587540585547686,0,False
129126,0,0,-22.390845806957429,0.042751767432991139,3.2554749049013481,4,False
129126,1,0.14259773130832576,-19.055364261502437,0.042751767432991139,3.2554749049013481,4,False
129126,2,0.57530553166510179,-8.9339628238893685,0.042751767432991139,3.2554749049013481,4,False
129126,3,1,1,0.042751767432991139,3.2554749049013481,4,False
129126,4,0.95724823256700886,0,0.042751767432991139,3.2554749049013481,4,True
129126,5,0.95724823256700886,0,0.042751767432991139,3.2554749049013481,4,False
86066,0,0.89166722473419624,0,0.10833277526580376,1.7432782767573372,0,True
86066,1,1,1,0.10833277526580376,1.7432782767573372,0,False
86066,2,0.84474580211259309,-0.43312305538630769,0.10833277526580376,1.7432782767573372,0,False
86066,3,0.090783933978964226,-7.3928069209913261,0.10833277526580376,1.7432782767573372,0,False
86066,4,0,-8.2308167823303169,0.10833277526580376,1.7432782767573372,0,False
86066,5,3.6146194316577065e-16,-8.2308167823303133,0.10833277526580376,1.7432782767573372,0,False
133212,0,0.85800411929896891,0,0.14199588070103109,1.673308017256204,0,True
133212,1,1,1,0.14199588070103109,1.673308017256204,0,False
133212,2,0.77215870871293191,-0.6045626828202324,0.14199588070103109,1.673308017256204,0,False
133212,3,0.3914302052425917,-3.2858271081732107,0.14199588070103109,1.673308017256204,0,False
133212,4,0,-6.0424578168255172,0.14199588070103109,1.673308017256204,0,False
133212,5,0,-6.0424578168255172,0.14199588070103109,1.673308017256204,0,False
5293,0,0,-12.303847555212904,0.075166225097653472,3.6691918355645612,4,False
5293,1,0.23019376150391468,-9.241384844003786,0.075166225097653472,3.6691918355645612,4,False
5293,2,0.75175328515615392,-2.3026364503649366,0.075166225097653472,3.6691918355645612,4,False
5293,3,1,1,0.075166225097653472,3.6691918355645612,4,False
5293,4,0.92483377490234653,0,0.075166225097653472,3.6691918355645612,4,True
5293,5,0.92483377490234653,0,0.075166225097653472,3.6691918355645612,4,False
174894,0,0,-2.262208114341699,0.30654083521026254,1.5579591274727136,4,False
174894,1,0.027687092816585789,-2.1718870554929008,0.30654083521026254,1.5579591274727136,4,False
174894,2,0.56026992294903444,-0.4344910254757603,0.30654083521026254,1.5579591274727136,4,False
174894,3,1,1,0.30654083521026254,1.5579591274727136,4,False
174894,4,0.69345916478973746,0,0.30654083521026254,1.5579591274727136,4,True
174894,5,0.61565628768886593,-0.25380917699759303,0.30654083521026254,1.5579591274727136,4,False
93272,0,0.86761869699480298,0,0.13238130300519702,2.7259568780427799,0,True
93272,1,1,1,0.13238130300519702,2.7259568780427799,0,False
93272,2,0.65875555600765445,-1.5777389725416813,0.13238130300519702,2.7259568780427799,0,False
93272,3,0.30183417103189114,-4.2739005669154073,0.13238130300519702,2.7259568780427799,0,False
93272,4,0.0098638653002990611,-6.4794258118220087,0.13238130300519702,2.7259568780427799,0,False
93272,5,0,-6.5539368271722029,0.13238130300519702,2.7259568780427799,0,False
28004,0,0,-21.461816187239634,0.044519997477679096,3.4800046728923917,4,False
28004,1,0.30329558351422314,-14.649246539941567,0.044519997477679096,3.4800046728923917,4,False
28004,2,0.83192945863117507,-2.7751696067164002,0.044519997477679096,3.4800046728923917,4,False
28004,3,1,1,0.044519997477679096,3.4800046728923917,4,False
28004,4,0.9554800025223209,0,0.044519997477679096,3.4800046728923917,4,True
28004,5,0.9554800025223209,0,0.044519997477679096,3.4800046728923917,4,False
8388,0,0.86738651973846825,0,0.13261348026153175,3.1562591176480055,0,True
8388,1,1,1,0.13261348026153175,3.1562591176480055,0,False
8388,2,0.86318617375789763,-0.031673597377031112,0.13261348026153175,3.1562591176480055,0,False
8388,3,0.33648206119004426,-4.0033973733394861,0.13261348026153175,3.1562591176480055,0,False
8388,4,0,-6.5407115327028933,0.13261348026153175,3.1562591176480055,0,False
8388,5,0,-6.5407115327028933,0.13261348026153175,3.1562591176480055,0,False
